camera_uid,department_code,department_name,external_camera_id,name,longitude,latitude,geocode_precision,geocode_district,camera_type,camera_technology,connectivity,ownership_class,site_type,current_status,codec,resolution,frame_rate,encryption,is_live,archive_seconds,stream_protocols,primary_stream_url,source_type
GJ-SEN-000001,SEN,Sentinel Sandbox,cam01,01 Chiman bhai Bridge,72.29684815256834,22.74507591770548,district,Ahmadabad,fixed,ip,fiber,government,public_space,online,h264,1920x1080,30.0,AES-128,False,43197.413,hls|rtsp|whep,https://cctv.corp8.cloud/cam01/index.m3u8,adapter
GJ-SEN-000002,SEN,Sentinel Sandbox,cam02,02 Janpath,72.29684815256834,22.74507591770548,district,Ahmadabad,fixed,ip,fiber,government,public_space,online,h264,1920x1080,30.0,AES-128,False,43200.283,hls|rtsp|whep,https://cctv.corp8.cloud/cam02/index.m3u8,adapter
GJ-SEN-000003,SEN,Sentinel Sandbox,cam03,03 O.N.G.C. Office,72.29684815256834,22.74507591770548,district,Ahmadabad,fixed,ip,fiber,government,public_space,offline,h264,1280x720,30.0,AES-128,False,43191.784,hls|rtsp|whep,https://cctv.corp8.cloud/cam03/index.m3u8,adapter
GJ-SEN-000004,SEN,Sentinel Sandbox,cam04,04 Paldi Circle,72.29684815256834,22.74507591770548,district,Ahmadabad,fixed,ip,fiber,government,public_space,online,h264,1920x1080,,AES-128,False,43200.53,hls|rtsp|whep,https://cctv.corp8.cloud/cam04/index.m3u8,adapter
GJ-SEN-000005,SEN,Sentinel Sandbox,cam05,05 Visat teen Rasta,72.29684815256834,22.74507591770548,district,Ahmadabad,fixed,ip,fiber,government,public_space,online,h264,1920x1080,30.0,AES-128,False,43200.503,hls|rtsp|whep,https://cctv.corp8.cloud/cam05/index.m3u8,adapter
GJ-SEN-000006,SEN,Sentinel Sandbox,cam06,06 Timbavadi gate-Junagadh,70.42511083855189,21.33673472857135,district,Junagadh,fixed,ip,fiber,government,public_space,online,h264,1920x1080,25.0,AES-128,False,88138.2,hls|rtsp|whep,https://cctv.corp8.cloud/cam06/index.m3u8,adapter
GJ-SEN-000007,SEN,Sentinel Sandbox,cam07,07 hero-showroom-gir-somnath,70.6869004165384,20.990358498645055,district,Gir Somnath,fixed,ip,fiber,government,public_space,online,h264,1920x1080,25.0,AES-128,False,43136.32,hls|rtsp|whep,https://cctv.corp8.cloud/cam07/index.m3u8,adapter
GJ-SEN-000008,SEN,Sentinel Sandbox,cam08,08 majewadi-gate-junagadh,70.42511083855189,21.33673472857135,district,Junagadh,fixed,ip,fiber,government,public_space,online,h264,1920x1080,25.0,AES-128,False,43129.68,hls|rtsp|whep,https://cctv.corp8.cloud/cam08/index.m3u8,adapter
GJ-SEN-000009,SEN,Sentinel Sandbox,cam09,09 new-bypass-near-by-circle-junagadh-2,70.42511083855189,21.33673472857135,district,Junagadh,fixed,ip,fiber,government,public_space,offline,h264,1920x1080,25.0,AES-128,False,43042.24,hls|rtsp|whep,https://cctv.corp8.cloud/cam09/index.m3u8,adapter
GJ-SEN-000010,SEN,Sentinel Sandbox,cam10,10 char-chowk-road-2-junagadh,70.42511083855189,21.33673472857135,district,Junagadh,fixed,ip,fiber,government,public_space,online,h264,1920x1080,25.0,AES-128,False,43020.92,hls|rtsp|whep,https://cctv.corp8.cloud/cam10/index.m3u8,adapter
GJ-SEN-000011,SEN,Sentinel Sandbox,cam11,11 dolatpara-junagadh,70.42511083855189,21.33673472857135,district,Junagadh,fixed,ip,fiber,government,public_space,offline,h264,1920x1080,25.0,AES-128,False,43079.16,hls|rtsp|whep,https://cctv.corp8.cloud/cam11/index.m3u8,adapter
GJ-SEN-000012,SEN,Sentinel Sandbox,cam12,12 Tri Mandir Adalaj Tollnaka,72.65366906105882,23.28185453779925,district,Gandhinagar,fixed,ip,fiber,government,public_space,offline,h264,1280x720,20.0,AES-128,False,43326.15,hls|rtsp|whep,https://cctv.corp8.cloud/cam12/index.m3u8,adapter
GJ-SEN-000013,SEN,Sentinel Sandbox,cam13,13 CN Vidhyalaya,72.29684815256834,22.74507591770548,district,Ahmadabad,fixed,ip,fiber,government,public_space,online,h264,1920x1080,10.0,AES-128,False,43203.194,hls|rtsp|whep,https://cctv.corp8.cloud/cam13/index.m3u8,adapter
GJ-SEN-000014,SEN,Sentinel Sandbox,cam14,14 Delight RLVD,72.29684815256834,22.74507591770548,district,Ahmadabad,fixed,ip,fiber,government,public_space,offline,h264,1920x1080,10.0,AES-128,False,43203.722,hls|rtsp|whep,https://cctv.corp8.cloud/cam14/index.m3u8,adapter
GJ-SEN-000015,SEN,Sentinel Sandbox,cam15,15 Suvidha park,72.29684815256834,22.74507591770548,district,Ahmadabad,fixed,ip,fiber,government,public_space,offline,h264,1920x1080,10.0,AES-128,False,43200.325,hls|rtsp|whep,https://cctv.corp8.cloud/cam15/index.m3u8,adapter
GJ-SEN-000016,SEN,Sentinel Sandbox,cam16,16 Visat P2,72.29684815256834,22.74507591770548,district,Ahmadabad,fixed,ip,fiber,government,public_space,online,h264,1920x1080,10.0,AES-128,False,43214.331,hls|rtsp|whep,https://cctv.corp8.cloud/cam16/index.m3u8,adapter
GJ-SEN-000017,SEN,Sentinel Sandbox,cam17,17 Rajkot Bus Port CCTV,71.02851281277233,22.069730854064453,district,Rajkot,fixed,ip,fiber,government,public_space,online,h264,1920x1080,,AES-128,False,43120.12,hls|rtsp|whep,https://cctv.corp8.cloud/cam17/index.m3u8,adapter
GJ-SEN-000018,SEN,Sentinel Sandbox,cam18,18 Rajkot CCTV,71.02851281277233,22.069730854064453,district,Rajkot,fixed,ip,fiber,government,public_space,online,h264,1920x1080,25.0,AES-128,False,39992.64,hls|rtsp|whep,https://cctv.corp8.cloud/cam18/index.m3u8,adapter
GJ-SEN-000019,SEN,Sentinel Sandbox,cam19,"19 KHAPARIA GRAM PANCHAYAT , TALUKA GANDEVI, DISTRICT NAVSARI",73.03318601251016,20.829544587770393,district,Navsari,fixed,ip,fiber,government,public_space,online,h264,854x480,25.0,AES-128,False,49437.28,hls|rtsp|whep,https://cctv.corp8.cloud/cam19/index.m3u8,adapter
GJ-SEN-000030,SEN,Sentinel Sandbox,cam20,20 Mohanpura,73.01389606996841,23.86873727029178,district,Sabar Kantha,fixed,ip,fiber,government,public_space,online,h264,854x480,25.0,AES-128,False,49369.88,hls|rtsp|whep,https://cctv.corp8.cloud/cam20/index.m3u8,adapter
GJ-SEN-000020,SEN,Sentinel Sandbox,cam21,23 Patan Dethali Char Rasta,71.67975159669395,23.773480696934108,district,Patan,fixed,ip,fiber,government,public_space,online,h264,854x480,25.0,AES-128,False,56481.92,hls|rtsp|whep,https://cctv.corp8.cloud/cam21/index.m3u8,adapter
GJ-SEN-000021,SEN,Sentinel Sandbox,cam22,28 BK Mervada tran Rasta,72.16290384556177,24.269564952795385,district,Banas Kantha,fixed,ip,fiber,government,public_space,online,h264,1920x1080,25.0,AES-128,False,2517.28,hls|rtsp|whep,https://cctv.corp8.cloud/cam22/index.m3u8,adapter
GJ-SEN-000022,SEN,Sentinel Sandbox,cam23,30 kheram,73.03318601251016,20.829544587770393,district,Navsari,fixed,ip,fiber,government,public_space,online,h264,854x480,25.0,AES-128,False,35916.44,hls|rtsp|whep,https://cctv.corp8.cloud/cam23/index.m3u8,adapter
GJ-SEN-000023,SEN,Sentinel Sandbox,cam24,33 dehgam,72.65366906105882,23.28185453779925,district,Gandhinagar,fixed,ip,fiber,government,public_space,online,h264,960x576,12.0,AES-128,False,38499.166,hls|rtsp|whep,https://cctv.corp8.cloud/cam24/index.m3u8,adapter
GJ-SEN-000024,SEN,Sentinel Sandbox,cam25,34 dhanori,73.03318601251016,20.829544587770393,district,Navsari,fixed,ip,fiber,government,public_space,online,h264,1280x960,25.0,AES-128,False,43098.8,hls|rtsp|whep,https://cctv.corp8.cloud/cam25/index.m3u8,adapter
GJ-SEN-000025,SEN,Sentinel Sandbox,cam26,35 TANKAL,73.03318601251016,20.829544587770393,district,Navsari,fixed,ip,fiber,government,public_space,online,h264,854x480,18.0,AES-128,False,3600.333,hls|rtsp|whep,https://cctv.corp8.cloud/cam26/index.m3u8,adapter
GJ-SEN-000026,SEN,Sentinel Sandbox,cam27,36 bilimora,73.03318601251016,20.829544587770393,district,Navsari,fixed,ip,fiber,government,public_space,online,h264,1280x960,25.0,AES-128,False,25827.92,hls|rtsp|whep,https://cctv.corp8.cloud/cam27/index.m3u8,adapter
GJ-SEN-000027,SEN,Sentinel Sandbox,cam28,37 bilimora,73.03318601251016,20.829544587770393,district,Navsari,fixed,ip,fiber,government,public_space,online,h264,1280x960,25.0,AES-128,False,24366.92,hls|rtsp|whep,https://cctv.corp8.cloud/cam28/index.m3u8,adapter
GJ-SEN-000028,SEN,Sentinel Sandbox,cam29,38 bilimora,73.03318601251016,20.829544587770393,district,Navsari,fixed,ip,fiber,government,public_space,online,h264,1280x960,25.0,AES-128,False,27413.8,hls|rtsp|whep,https://cctv.corp8.cloud/cam29/index.m3u8,adapter
GJ-SEN-000029,SEN,Sentinel Sandbox,cam30,Gandhidham Rambaugh p2,69.62091838409415,23.73151806107998,district,Kachchh,fixed,ip,fiber,government,public_space,online,h264,1920x1080,25.0,AES-128,False,12142.013,hls|rtsp|whep,https://cctv.corp8.cloud/cam30/index.m3u8,adapter
